Trial Nr,Diameter,Distance,ID,Movement Time
0,50.0,0.0,0.0,15833.0
1,20.0,500.0,4.700439929962158,5834.0
2,20.0,500.0,4.700439929962158,2461.0
